domaine,administration
# Rattache un domaine ET tous ses sous-domaines à une administration de la carte (intitulé exact).
# Sert quand ni l'annuaire, ni le site parent, ni le bloc-marque ne donnent de rattachement.
# Les nouveaux sites sans rattachement reçoivent le tag « À rattacher » (voir out/a-rattacher.csv).
social.gouv.fr,"Ministère de la Santé, des Familles, de l’Autonomie et des Personnes handicapées"
pref.gouv.fr,Préfecture
finances.gouv.fr,"Ministère de l’Économie, des Finances et de la Souveraineté industrielle, énergétique et numérique"
bercy.gouv.fr,"Ministère de l’Économie, des Finances et de la Souveraineté industrielle, énergétique et numérique"
minefi.gouv.fr,"Ministère de l’Économie, des Finances et de la Souveraineté industrielle, énergétique et numérique"
dgtresor.gouv.fr,"Ministère de l’Économie, des Finances et de la Souveraineté industrielle, énergétique et numérique"
equipement-agriculture.gouv.fr,"Ministère de la Transition écologique, de la Biodiversité et des Négociations internationales sur le Climat et la Nature"
equipement.gouv.fr,"Ministère de la Transition écologique, de la Biodiversité et des Négociations internationales sur le Climat et la Nature"
ecologie-territoires.gouv.fr,"Ministère de la Transition écologique, de la Biodiversité et des Négociations internationales sur le Climat et la Nature"
emploi.gouv.fr,Ministère du Travail et des Solidarités
travail.gouv.fr,Ministère du Travail et des Solidarités
deets.gouv.fr,Ministère du Travail et des Solidarités
jeunesse-sports.gouv.fr,"Ministère des Sports, de la Jeunesse et de la Vie associative"
reserve-civique.gouv.fr,"Ministère des Sports, de la Jeunesse et de la Vie associative"
permisdeconduire.gouv.fr,Ministère de l'Intérieur
fr-alert.gouv.fr,Ministère de l'Intérieur
dihal.gouv.fr,Ministère de la Ville et du Logement
transports.gouv.fr,Ministère des Transports
recherche.gouv.fr,"Ministère de l’Enseignement supérieur, de la Recherche et de l'Espace"
science.gouv.fr,"Ministère de l’Enseignement supérieur, de la Recherche et de l'Espace"
imagesdefense.gouv.fr,Ministère des Armées et des Anciens combattants
medicaments.gouv.fr,"Ministère de la Santé, des Familles, de l’Autonomie et des Personnes handicapées"
tousanticovid.gouv.fr,"Ministère de la Santé, des Familles, de l’Autonomie et des Personnes handicapées"
culturecommunication.gouv.fr,Ministère de la Culture
din.gouv.fr,Premier ministre
sgpi.gouv.fr,Premier ministre
france2030.gouv.fr,Premier ministre
sig.gouv.fr,Premier ministre
pm.gouv.fr,Premier ministre
rie.gouv.fr,Premier ministre
cfssi.gouv.fr,Premier ministre
gic.gouv.fr,Premier ministre
agentconnect.gouv.fr,Premier ministre
ile-de-france.gouv.fr,Préfecture
paca.gouv.fr,Préfecture
paris.gouv.fr,Préfecture
bretagne.gouv.fr,Préfecture
lescrous.fr,"Ministère de l’Enseignement supérieur, de la Recherche et de l'Espace"
msa.fr,"Ministère de l’Agriculture, de l'Agro-alimentaire et de la Souveraineté alimentaire"
inrs.fr,Ministère du Travail et des Solidarités
santepubliquefrance.fr,"Ministère de la Santé, des Familles, de l’Autonomie et des Personnes handicapées"
francetravail.fr,Ministère du Travail et des Solidarités
tchap.gouv.fr,Premier ministre
anct.gouv.fr,Ministère de l’Aménagement du Territoire et de la Décentralisation
brgm.fr,"Ministère de l’Enseignement supérieur, de la Recherche et de l'Espace"
17cyber.gouv.fr,Ministère de l'Intérieur
andv.gouv.fr,Ministère de l'Intérieur
france-identite.gouv.fr,Ministère de l'Intérieur
internet-signalement.gouv.fr,Ministère de l'Intérieur
laicite.gouv.fr,Ministère de l'Intérieur
agence-francaise-anticorruption.gouv.fr,Ministère de la Justice
aide-developpement.gouv.fr,Ministère de l'Europe et des Affaires étrangères
arretonslesviolences.gouv.fr,Premier ministre
code.gouv.fr,Premier ministre
communication.gouv.fr,Premier ministre
documentation-administrative.gouv.fr,Premier ministre
cartes.gouv.fr,"Ministère de la Transition écologique, de la Biodiversité et des Négociations internationales sur le Climat et la Nature"
cetu.gouv.fr,"Ministère de la Transition écologique, de la Biodiversité et des Négociations internationales sur le Climat et la Nature"
cte.gouv.fr,"Ministère de la Transition écologique, de la Biodiversité et des Négociations internationales sur le Climat et la Nature"
epargnonsnosressources.gouv.fr,"Ministère de la Transition écologique, de la Biodiversité et des Négociations internationales sur le Climat et la Nature"
forages-domestiques.gouv.fr,"Ministère de la Transition écologique, de la Biodiversité et des Négociations internationales sur le Climat et la Nature"
jardiner-autrement.gouv.fr,"Ministère de la Transition écologique, de la Biodiversité et des Négociations internationales sur le Climat et la Nature"
umr-cnrm.fr,"Ministère de la Transition écologique, de la Biodiversité et des Négociations internationales sur le Climat et la Nature"
centre-documentation-spm.gouv.fr,Ministère des Outre-mer
choisirleservicepublic.gouv.fr,Ministère de l'Action et des Comptes publics
ira.gouv.fr,Ministère de l'Action et des Comptes publics
ugap.fr,Ministère de l'Action et des Comptes publics
rafp.fr,Ministère de l'Action et des Comptes publics
chorus-dt.gouv.fr,"Ministère de l’Économie, des Finances et de la Souveraineté industrielle, énergétique et numérique"
conso.gouv.fr,"Ministère de l’Économie, des Finances et de la Souveraineté industrielle, énergétique et numérique"
electrifions-la-france.gouv.fr,"Ministère de l’Économie, des Finances et de la Souveraineté industrielle, énergétique et numérique"
info-financiere.gouv.fr,"Ministère de l’Économie, des Finances et de la Souveraineté industrielle, énergétique et numérique"
lafrenchtech.gouv.fr,"Ministère de l’Économie, des Finances et de la Souveraineté industrielle, énergétique et numérique"
telecom-sudparis.eu,"Ministère de l’Économie, des Finances et de la Souveraineté industrielle, énergétique et numérique"
eurecom.fr,"Ministère de l’Économie, des Finances et de la Souveraineté industrielle, énergétique et numérique"
demarches-plaisance.gouv.fr,Ministère des Transports
demission-reconversion.gouv.fr,Ministère du Travail et des Solidarités
dreets.gouv.fr,Ministère du Travail et des Solidarités
inclusion.gouv.fr,Ministère du Travail et des Solidarités
devenir-aviateur.gouv.fr,Ministère des Armées et des Anciens combattants
lamarinerecrute.gouv.fr,Ministère des Armées et des Anciens combattants
fabnum.fr,Ministère des Armées et des Anciens combattants
encadrementdesloyers.gouv.fr,Ministère de la Ville et du Logement
france-renov.gouv.fr,Ministère de la Ville et du Logement
adaptation-douche.gouv.fr,Ministère de la Ville et du Logement
europe-en-france.gouv.fr,"Ministère de l’Aménagement du Territoire et de la Décentralisation"
france-services.gouv.fr,"Ministère de l’Aménagement du Territoire et de la Décentralisation"
urbanvitaliz.fr,"Ministère de l’Aménagement du Territoire et de la Décentralisation"
horizon-europe.gouv.fr,"Ministère de l’Enseignement supérieur, de la Recherche et de l'Espace"
ih2ef.gouv.fr,Ministère de l'Éducation nationale
pix.fr,Ministère de l'Éducation nationale
jeprotegemonenfant.gouv.fr,"Ministère de la Santé, des Familles, de l’Autonomie et des Personnes handicapées"
ucanss.fr,"Ministère de la Santé, des Familles, de l’Autonomie et des Personnes handicapées"
jeveuxaider.gouv.fr,"Ministère des Sports, de la Jeunesse et de la Vie associative"
agencebio.org,"Ministère de l’Agriculture, de l'Agro-alimentaire et de la Souveraineté alimentaire"
